,,First Name,Last Name,Team,GP,Points,Comp,Pass Attempts,Pass Yards,Pass TDs,Rush Yards,Rush TDs,Rush Attempts,Targets,Rec Yards,Rec TDs,Receptions,FG Made,FG Att,FG %,XP Made,Sacks,INTs,Fumbles Rec,Safeties,Def TDs,Pts Against
QB,0,Josh,Allen,BUF,17,430.6,385,579,4306,29,524,15,111,,,,,,,,,,,,,,
QB,1,Jalen,Hurts,PHI,17,396.8,352,538,3858,23,605,15,157,,,,,,,,,,,,,,
QB,2,Dak,Prescott,DAL,17,360.8,410,590,4516,36,242,2,55,,,,,,,,,,,,,,
QB,3,Lamar,Jackson,BAL,16,355.2,307,457,3678,24,821,5,148,,,,,,,,,,,,,,
QB,4,Jordan,Love,GB,17,343.1,372,579,4159,32,247,4,50,,,,,,,,,,,,,,
QB,5,Brock,Purdy,SF,16,321.6,308,444,4280,31,144,2,39,,,,,,,,,,,,,,
QB,6,Jared,Goff,DET,17,317.1,407,605,4575,30,21,2,32,,,,,,,,,,,,,,
QB,7,Patrick,Mahomes,KC,16,314.2,401,597,4183,27,389,0,75,,,,,,,,,,,,,,
QB,8,Tua,Tagovailoa,MIA,17,308.4,388,560,4624,29,74,0,35,,,,,,,,,,,,,,
QB,9,Trevor,Lawrence,JAC,16,302.5,370,564,4016,21,339,4,70,,,,,,,,,,,,,,
QB,10,Sam,Howell,WAS,17,298.1,388,612,3946,21,263,5,48,,,,,,,,,,,,,,
QB,11,Baker,Mayfield,TB,17,296.1,364,566,4044,28,163,1,62,,,,,,,,,,,,,,
QB,12,C.J.,Stroud,HOU,15,291,319,499,4108,23,167,3,39,,,,,,,,,,,,,,
QB,13,Russell,Wilson,DEN,15,278.9,297,447,3070,26,341,3,80,,,,,,,,,,,,,,
QB,14,Matthew,Stafford,LAR,15,261.1,326,521,3965,24,65,0,21,,,,,,,,,,,,,,
QB,15,Derek,Carr,NO,17,259.1,375,548,3878,25,40,0,32,,,,,,,,,,,,,,
QB,16,Justin,Fields,CHI,13,256.2,227,370,2562,16,657,4,124,,,,,,,,,,,,,,
QB,17,Geno,Smith,SEA,15,246.5,323,499,3624,20,155,1,37,,,,,,,,,,,,,,
QB,18,Justin,Herbert,LAC,13,246.2,297,456,3134,20,228,3,52,,,,,,,,,,,,,,
QB,19,Joshua,Dobbs,ARI,13,228.7,262,417,2464,13,421,6,77,,,,,,,,,,,,,,
QB,20,Gardner,Minshew,IND,16,220.2,305,490,3305,15,100,3,34,,,,,,,,,,,,,,
QB,21,Desmond,Ridder,ATL,15,210.7,249,388,2836,12,193,5,53,,,,,,,,,,,,,,
QB,22,Bryce,Young,CAR,16,184.4,315,527,2877,11,253,0,39,,,,,,,,,,,,,,
QB,23,Kirk,Cousins,MIN,8,167.7,216,311,2331,18,25,0,14,,,,,,,,,,,,,,
QB,24,Joe,Burrow,CIN,10,161.2,244,365,2309,15,88,0,31,,,,,,,,,,,,,,
QB,25,Jake,Browning,CIN,9,156.1,171,243,1936,12,127,3,27,,,,,,,,,,,,,,
QB,26,Kyler,Murray,ARI,8,154.4,176,268,1799,10,244,3,44,,,,,,,,,,,,,,
QB,27,Zach,Wilson,NYJ,12,143.9,221,368,2271,8,211,0,36,,,,,,,,,,,,,,
QB,28,Aidan,OConnell,LV,11,143.8,213,343,2218,12,11,1,17,,,,,,,,,,,,,,
QB,29,Mac,Jones,NE,11,134.4,224,345,2120,10,96,0,26,,,,,,,,,,,,,,
QB,30,Kenny,Pickett,PIT,12,118.2,201,324,2070,6,54,1,42,,,,,,,,,,,,,,
QB,31,Joe,Flacco,CLE,5,116.8,123,204,1616,13,2,0,9,,,,,,,,,,,,,,
QB,32,Will,Levis,TEN,9,116,149,255,1808,8,57,1,25,,,,,,,,,,,,,,
QB,33,Tommy,DeVito,NYG,9,101.5,114,178,1101,8,195,1,36,,,,,,,,,,,,,,
QB,34,Ryan,Tannehill,TEN,9,94,149,230,1616,4,74,1,17,,,,,,,,,,,,,,
QB,35,Tyrod,Taylor,NYG,10,93.3,116,180,1341,5,197,0,38,,,,,,,,,,,,,,
QB,36,Deshaun,Watson,CLE,6,92.8,105,171,1115,7,142,1,26,,,,,,,,,,,,,,
QB,37,Bailey,Zappe,NE,10,89.2,127,212,1272,6,83,1,17,,,,,,,,,,,,,,
QB,38,Nick,Mullens,MIN,5,82.7,100,148,1306,7,25,0,10,,,,,,,,,,,,,,
QB,39,Jimmy,Garoppolo,LV,7,80.1,110,169,1205,7,39,0,20,,,,,,,,,,,,,,
QB,40,Easton,Stick,LAC,5,77.6,111,174,1129,3,144,1,27,,,,,,,,,,,,,,
QB,41,Taylor,Heinicke,ATL,5,74,74,136,890,5,124,1,15,,,,,,,,,,,,,,
QB,42,Anthony,Richardson,IND,4,72.7,50,84,577,3,136,4,25,,,,,,,,,,,,,,
QB,43,Daniel,Jones,NYG,6,71,108,160,909,2,206,1,40,,,,,,,,,,,,,,
QB,44,Tyson,Bagent,CHI,5,69.3,94,143,859,3,109,2,23,,,,,,,,,,,,,,
QB,45,Mitchell,Trubisky,PIT,5,58.7,67,107,632,4,54,2,16,,,,,,,,,,,,,,
QB,46,Mason,Rudolph,PIT,4,41.6,55,74,719,3,8,0,10,,,,,,,,,,,,,,
QB,47,Trevor,Siemian,NYJ,5,41,86,153,724,2,40,0,11,,,,,,,,,,,,,,
QB,48,Drew,Lock,SEA,4,35.1,48,76,543,3,14,0,5,,,,,,,,,,,,,,
QB,49,P.J.,Walker,CLE,5,34,54,111,674,1,30,0,13,,,,,,,,,,,,,,
QB,50,Jarrett,Stidham,DEN,2,33.6,40,66,496,2,8,0,9,,,,,,,,,,,,,,
QB,51,Dorian,Thompson-Robinson,CLE,7,32.5,60,112,440,1,65,0,14,,,,,,,,,,,,,,
QB,52,Sam,Darnold,SF,10,30.4,28,46,297,2,15,1,21,,,,,,,,,,,,,,
QB,53,Carson,Wentz,LAR,1,27.8,17,24,163,2,56,1,17,,,,,,,,,,,,,,
QB,54,Tyler,Huntley,BAL,5,27.7,21,37,203,3,55,0,15,,,,,,,,,,,,,,
QB,55,Andy,Dalton,CAR,2,27.3,34,58,361,2,12,0,3,,,,,,,,,,,,,,
QB,56,Jacoby,Brissett,WAS,2,25.1,18,23,224,3,19,0,3,,,,,,,,,,,,,,
QB,57,C.J.,Beathard,JAC,6,25,40,53,349,1,35,0,8,,,,,,,,,,,,,,
QB,58,Tim,Boyle,NYJ,3,22.5,48,77,360,1,5,0,4,,,,,,,,,,,,,,
QB,59,Jameis,Winston,NO,6,20.6,25,47,264,2,-6,0,5,,,,,,,,,,,,,,
QB,60,Jeff,Driskel,CLE,1,19.6,13,26,166,2,33,0,7,,,,,,,,,,,,,,
QB,61,Case,Keenum,HOU,2,18.7,34,53,291,1,1,0,2,,,,,,,,,,,,,,
QB,62,Davis,Mills,HOU,5,17.6,18,39,173,2,9,0,2,,,,,,,,,,,,,,
QB,63,Marcus,Mariota,PHI,2,17.4,15,23,164,1,52,0,8,,,,,,,,,,,,,,
QB,64,Blaine,Gabbert,KC,2,13.8,18,35,185,0,45,0,7,,,,,,,,,,,,,,
QB,65,Clayton,Tune,ARI,6,12.1,12,21,62,0,30,1,8,,,,,,,,,,,,,,
QB,66,Brian,Hoyer,LV,2,11.3,23,42,231,0,-3,0,3,,,,,,,,,,,,,,
QB,67,Brett,Rypien,LAR,2,10.5,18,38,172,0,19,0,3,,,,,,,,,,,,,,
QB,68,Jaren,Hall,MIN,3,9.8,13,20,168,0,14,0,6,,,,,,,,,,,,,,
QB,69,Mike,White,MIA,6,6.8,5,6,74,1,-9,0,8,,,,,,,,,,,,,,
QB,70,Cooper,Rush,DAL,7,6.7,18,24,144,0,-5,0,12,,,,,,,,,,,,,,
QB,71,Malik,Willis,TEN,2,5.8,4,5,74,0,21,0,5,,,,,,,,,,,,,,
QB,72,Logan,Woodside,ATL,1,2,3,4,27,0,6,0,1,,,,,,,,,,,,,,
QB,73,Sean,Clifford,GB,2,1.7,1,1,37,0,-2,0,3,,,,,,,,,,,,,,
QB,74,AJ,McCarron,CIN,2,1,4,5,19,0,0,0,0,,,,,,,,,,,,,,
QB,75,Aaron,Rodgers,NYJ,1,0,0,1,0,0,0,0,0,,,,,,,,,,,,,,
QB,76,Kyle,Trask,TB,2,-0.1,0,1,0,0,-1,0,1,,,,,,,,,,,,,,
QB,77,Teddy,Bridgewater,DET,1,-0.2,0,0,0,0,-2,0,2,,,,,,,,,,,,,,
QB,78,Matt,Barkley,JAC,1,-0.3,0,0,0,0,-3,0,3,,,,,,,,,,,,,,
QB,79,Nathan,Peterman,CHI,1,-0.4,0,0,0,0,-4,0,2,,,,,,,,,,,,,,
QB,80,Kyle,Allen,BUF,6,-1.3,0,0,0,0,-13,0,13,,,,,,,,,,,,,,
RB,0,Christian,McCaffrey,SF,16,395.3,,,,,1459,14,272,83,564,7,67,,,,,,,,,,
RB,1,Breece,Hall,NYJ,17,288.5,,,,,994,5,223,95,591,4,76,,,,,,,,,,
RB,2,Travis,Etienne,JAC,17,278.4,,,,,1008,11,267,73,476,1,58,,,,,,,,,,
RB,3,Rachaad,White,TB,17,271.9,,,,,990,6,272,70,549,3,64,,,,,,,,,,
RB,4,Raheem,Mostert,MIA,15,269.7,,,,,1012,18,209,32,175,3,25,,,,,,,,,,
RB,5,Joe,Mixon,CIN,17,265,,,,,1034,9,257,64,376,3,52,,,,,,,,,,
RB,6,Kyren,Williams,LAR,12,257,,,,,1144,12,228,48,206,3,32,,,,,,,,,,
RB,7,Bijan,Robinson,ATL,17,252.3,,,,,976,4,214,86,487,4,58,,,,,,,,,,
RB,8,Jahmyr,Gibbs,DET,15,244.1,,,,,945,10,182,71,316,1,52,,,,,,,,,,
RB,9,Derrick,Henry,TEN,17,238.1,,,,,1167,12,280,36,214,0,28,,,,,,,,,,
RB,10,James,Cook,BUF,17,236.7,,,,,1122,2,237,54,445,4,44,,,,,,,,,,
RB,11,Alvin,Kamara,NO,13,227,,,,,694,5,180,86,466,1,75,,,,,,,,,,
RB,12,Saquon,Barkley,NYG,14,225.2,,,,,962,6,247,60,280,4,41,,,,,,,,,,
RB,13,Tony,Pollard,DAL,17,222.6,,,,,1005,6,252,67,311,0,55,,,,,,,,,,
RB,14,Isiah,Pacheco,KC,14,215.9,,,,,935,7,205,49,244,2,44,,,,,,,,,,
RB,15,Jerome,Ford,CLE,17,211.2,,,,,813,4,204,63,319,5,44,,,,,,,,,,
RB,16,David,Montgomery,DET,14,207.2,,,,,1015,13,219,24,117,0,16,,,,,,,,,,
RB,17,James,Conner,ARI,13,201.5,,,,,1040,7,208,33,165,2,27,,,,,,,,,,
RB,18,DAndre,Swift,PHI,16,201.3,,,,,1049,5,229,49,214,1,39,,,,,,,,,,
RB,19,Jaylen,Warren,PIT,17,200.4,,,,,784,4,149,74,370,0,61,,,,,,,,,,
RB,20,Brian,Robinson,WAS,15,200.1,,,,,733,5,178,43,368,4,36,,,,,,,,,,
RB,21,Kenneth,Walker,SEA,15,199.4,,,,,905,8,219,37,259,1,29,,,,,,,,,,
RB,22,Najee,Harris,PIT,17,197.5,,,,,1035,8,255,38,170,0,29,,,,,,,,,,
RB,23,Austin,Ekeler,LAC,14,193.4,,,,,628,5,179,74,436,1,51,,,,,,,,,,
RB,24,DeVon,Achane,MIA,11,192.7,,,,,800,8,103,37,197,3,27,,,,,,,,,,
RB,25,Gus,Edwards,BAL,17,189,,,,,810,13,198,13,180,0,12,,,,,,,,,,
RB,26,Josh,Jacobs,LV,13,183.1,,,,,805,6,233,54,296,0,37,,,,,,,,,,
RB,27,Chuba,Hubbard,CAR,17,182.5,,,,,902,5,238,44,233,0,39,,,,,,,,,,
RB,28,Javonte,Williams,DEN,16,177.2,,,,,774,3,217,58,228,2,47,,,,,,,,,,
RB,29,Ezekiel,Elliott,NE,17,176.5,,,,,642,3,184,65,313,2,51,,,,,,,,,,
RB,30,Zack,Moss,IND,14,167.6,,,,,794,5,183,37,192,2,27,,,,,,,,,,
RB,31,Devin,Singletary,HOU,17,163.1,,,,,898,4,216,38,193,0,30,,,,,,,,,,
RB,32,Jonathan,Taylor,IND,10,156.4,,,,,741,7,169,23,153,1,19,,,,,,,,,,
RB,33,Tyjae,Spears,TEN,17,153.8,,,,,453,2,100,70,385,1,52,,,,,,,,,,
RB,34,Rhamondre,Stevenson,NE,12,147.7,,,,,619,4,156,51,238,0,38,,,,,,,,,,
RB,35,Alexander,Mattison,MIN,16,137.2,,,,,700,0,180,44,192,3,30,,,,,,,,,,
RB,36,Aaron,Jones,GB,11,136.9,,,,,656,2,142,43,233,1,30,,,,,,,,,,
RB,37,Tyler,Allgeier,ATL,17,135.6,,,,,683,4,186,23,193,1,18,,,,,,,,,,
RB,38,Antonio,Gibson,WAS,16,131.4,,,,,265,1,65,59,389,2,48,,,,,,,,,,
RB,39,Samaje,Perine,DEN,17,125.3,,,,,238,1,53,56,455,0,50,,,,,,,,,,
RB,40,Kareem,Hunt,CLE,15,118.5,,,,,411,9,135,21,84,0,15,,,,,,,,,,
RB,41,AJ,Dillon,GB,15,117.6,,,,,613,2,178,28,223,0,22,,,,,,,,,,
RB,42,Khalil,Herbert,CHI,12,112.5,,,,,611,2,132,31,134,1,20,,,,,,,,,,
RB,43,Justice,Hill,BAL,16,111.3,,,,,387,3,84,39,206,1,28,,,,,,,,,,
RB,44,Zach,Charbonnet,SEA,16,106.1,,,,,462,1,108,40,209,0,33,,,,,,,,,,
RB,45,Jaleel,McLaughlin,DEN,17,106,,,,,410,1,76,36,160,2,31,,,,,,,,,,
RB,46,Roschon,Johnson,CHI,15,102.1,,,,,352,2,81,40,209,0,34,,,,,,,,,,
RB,47,Ty,Chandler,MIN,13,101,,,,,461,3,102,25,159,0,21,,,,,,,,,,
RB,48,Kenneth,Gainwell,PHI,16,96.7,,,,,364,2,84,37,183,0,30,,,,,,,,,,
RB,49,Miles,Sanders,CAR,16,91.6,,,,,432,1,129,41,154,0,27,,,,,,,,,,
RB,50,Rico,Dowdle,DAL,16,91.5,,,,,361,2,89,22,144,2,17,,,,,,,,,,
RB,51,DOnta,Foreman,CHI,9,91.2,,,,,425,4,109,16,77,1,11,,,,,,,,,,
RB,52,Latavius,Murray,BUF,15,82.9,,,,,300,4,79,22,119,0,17,,,,,,,,,,
RB,53,Jerick,McKinnon,KC,12,80.2,,,,,60,1,21,32,192,4,25,,,,,,,,,,
RB,54,Dameon,Pierce,HOU,13,76.7,,,,,416,2,145,17,101,0,13,,,,,,,,,,
RB,55,Zamir,White,LV,13,75.9,,,,,451,1,104,19,98,0,15,,,,,,,,,,
RB,56,Emari,Demercado,ARI,11,73.3,,,,,284,2,58,30,119,0,21,,,,,,,,,,
RB,57,Clyde,Edwards-Helaire,KC,15,70.1,,,,,223,1,70,22,188,1,17,,,,,,,,,,
RB,58,Keaton,Mitchell,BAL,7,69.9,,,,,396,2,47,11,93,0,9,,,,,,,,,,
RB,59,Joshua,Kelley,LAC,17,63.7,,,,,405,2,107,12,32,0,8,,,,,,,,,,
RB,60,Jamaal,Williams,NO,13,60.8,,,,,306,1,106,20,62,0,18,,,,,,,,,,
RB,61,Michael,Carter,NYJ,15,58.8,,,,,187,0,30,31,101,1,24,,,,,,,,,,
RB,62,Chase,Brown,CIN,10,53.5,,,,,179,0,44,15,156,1,14,,,,,,,,,,
RB,63,Elijah,Mitchell,SF,11,47.5,,,,,281,2,75,8,14,0,6,,,,,,,,,,
RB,64,Matt,Breida,NYG,15,46.9,,,,,151,1,55,21,88,0,17,,,,,,,,,,
RB,65,Cam,Akers,LAR,7,46.7,,,,,167,2,60,12,70,0,11,,,,,,,,,,
RB,66,Royce,Freeman,LAR,9,46.2,,,,,319,2,77,2,13,0,1,,,,,,,,,,
RB,67,Pierre,Strong,CLE,13,44.8,,,,,291,1,63,8,47,0,5,,,,,,,,,,
RB,68,Jordan,Mason,SF,9,44.7,,,,,206,3,40,4,31,0,3,,,,,,,,,,
RB,69,Dalvin,Cook,NYJ,14,44.2,,,,,214,0,67,20,78,0,15,,,,,,,,,,
RB,70,Darrell,Henderson,LAR,4,43.5,,,,,112,2,46,14,103,0,10,,,,,,,,,,
RB,71,Kendre,Miller,NO,7,43.3,,,,,156,1,41,11,117,0,10,,,,,,,,,,
RB,72,Salvon,Ahmed,MIA,7,42.9,,,,,61,1,22,23,88,1,16,,,,,,,,,,
RB,73,Jeff,Wilson,MIA,9,41.3,,,,,188,0,41,17,85,0,14,,,,,,,,,,
RB,74,Ameer,Abdullah,LV,16,41,,,,,89,0,15,24,131,0,19,,,,,,,,,,
RB,75,Chris,Rodriguez,WAS,8,39.9,,,,,247,2,51,2,12,0,2,,,,,,,,,,
RB,76,Chase,Edmonds,TB,13,39.7,,,,,176,0,49,17,81,0,14,,,,,,,,,,
RB,77,Kyle,Juszczyk,SF,10,38.5,,,,,6,0,5,17,119,2,14,,,,,,,,,,
RB,78,Cordarrelle,Patterson,ATL,12,36.9,,,,,181,0,50,12,38,1,9,,,,,,,,,,
RB,79,Andrew,Beck,HOU,11,34.8,,,,,3,1,5,13,55,2,11,,,,,,,,,,
RB,80,DErnest,Johnson,JAC,15,34.8,,,,,108,0,41,12,140,0,10,,,,,,,,,,
RB,81,Craig,Reynolds,DET,7,33.6,,,,,179,1,41,5,47,0,5,,,,,,,,,,
RB,82,Ty,Johnson,BUF,7,32.4,,,,,132,0,30,7,62,1,7,,,,,,,,,,
RB,83,Tony,Jones,NO,6,32.2,,,,,95,2,26,10,37,0,7,,,,,,,,,,
RB,84,Darrynton,Evans,CHI,6,30,,,,,121,1,32,12,49,0,7,,,,,,,,,,
RB,85,Patrick,Taylor,GB,10,30,,,,,141,0,32,17,49,0,11,,,,,,,,,,
RB,86,Tank,Bigsby,JAC,13,26.8,,,,,132,2,50,4,6,0,1,,,,,,,,,,
RB,87,Alec,Ingold,MIA,10,24.9,,,,,0,0,2,16,119,0,13,,,,,,,,,,
RB,88,Nick,Chubb,CLE,2,23.1,,,,,170,0,28,4,21,0,4,,,,,,,,,,
RB,89,Melvin,Gordon,BAL,4,21.7,,,,,81,1,26,3,46,0,3,,,,,,,,,,
RB,90,Kevin,Harris,NE,4,21.3,,,,,65,1,16,3,58,0,3,,,,,,,,,,
RB,91,Trey,Sermon,IND,8,20.3,,,,,160,0,35,6,13,0,3,,,,,,,,,,
RB,92,Ronnie,Rivers,LAR,7,20.1,,,,,129,0,32,5,22,0,5,,,,,,,,,,
RB,93,Damien,Harris,BUF,6,19,,,,,94,1,23,2,16,0,2,,,,,,,,,,
RB,94,Isaiah,Spiller,LAC,9,19,,,,,96,0,37,6,34,0,6,,,,,,,,,,
RB,95,Israel,Abanikanda,NYJ,6,18.3,,,,,70,0,22,11,43,0,7,,,,,,,,,,
RB,96,Tyler,Goodson,IND,6,18.1,,,,,87,0,13,9,34,0,6,,,,,,,,,,
RB,97,Boston,Scott,PHI,10,17.8,,,,,86,0,20,6,52,0,4,,,,,,,,,,
RB,98,Patrick,Ricard,BAL,6,16.2,,,,,0,0,0,7,52,1,5,,,,,,,,,,
RB,99,Raheem,Blackshear,CAR,8,15.1,,,,,46,0,14,7,45,0,6,,,,,,,,,,
RB,100,Deuce,Vaughn,DAL,6,15,,,,,40,0,23,7,40,0,7,,,,,,,,,,
RB,101,Trayveon,Williams,CIN,14,14.9,,,,,69,0,15,9,10,0,7,,,,,,,,,,
RB,102,Emanuel,Wilson,GB,5,14.8,,,,,85,0,14,5,23,0,4,,,,,,,,,,
RB,103,Keaontay,Ingram,ARI,7,14,,,,,74,0,35,4,26,0,4,,,,,,,,,,
RB,104,LaMical,Perine,KC,2,14,,,,,77,0,22,5,33,0,3,,,,,,,,,,
RB,105,Mike,Boone,HOU,7,13.3,,,,,23,0,5,9,40,0,7,,,,,,,,,,
RB,106,Eric,Gray,NYG,5,13,,,,,48,0,17,7,22,0,6,,,,,,,,,,
RB,107,Hunter,Luepke,DAL,6,12.7,,,,,19,1,6,4,18,0,3,,,,,,,,,,
RB,108,DeeJay,Dallas,SEA,10,12.2,,,,,36,0,10,9,26,0,6,,,,,,,,,,
RB,109,J.K.,Dobbins,BAL,1,11.7,,,,,22,1,8,3,15,0,2,,,,,,,,,,
RB,110,Gary,Brightwell,NYG,3,11.6,,,,,19,0,9,7,47,0,5,,,,,,,,,,
RB,111,Nick,Bawden,NYJ,5,11.5,,,,,4,1,2,3,21,0,3,,,,,,,,,,
RB,112,Chris,Brooks,MIA,3,10.6,,,,,106,0,19,0,0,0,0,,,,,,,,,,
RB,113,C.J.,Ham,MIN,6,10.2,,,,,7,0,1,9,25,0,7,,,,,,,,,,
RB,114,Ty,Montgomery,NE,7,9.9,,,,,9,0,3,12,40,0,5,,,,,,,,,,
RB,115,Brandon,Bolden,LV,3,9.1,,,,,31,1,4,0,0,0,0,,,,,,,,,,
RB,116,Deon,Jackson,IND,2,8,,,,,16,0,14,6,14,0,5,,,,,,,,,,
RB,117,Damien,Williams,ARI,3,7.5,,,,,43,0,11,2,12,0,2,,,,,,,,,,
RB,118,Dare,Ogunbowale,HOU,6,7.3,,,,,35,0,8,7,18,0,2,,,,,,,,,,
RB,119,KeShawn,Vaughn,TB,5,6.4,,,,,42,0,24,5,2,0,2,,,,,,,,,,
RB,120,Keith,Smith,ATL,3,6.3,,,,,0,0,0,3,33,0,3,,,,,,,,,,
RB,121,Khari,Blasingame,CHI,7,5.8,,,,,26,0,8,6,2,0,3,,,,,,,,,,
RB,122,Sean,Tucker,TB,3,5.2,,,,,23,0,15,2,9,0,2,,,,,,,,,,
RB,123,Kenyan,Drake,BAL,2,5.1,,,,,0,0,2,3,31,0,2,,,,,,,,,,
RB,124,Rashaad,Penny,PHI,3,4.8,,,,,33,0,11,1,5,0,1,,,,,,,,,,
RB,125,Michael,Burton,DEN,8,4.7,,,,,9,0,7,3,8,0,3,,,,,,,,,,
RB,126,Adam,Prentice,NO,2,4.4,,,,,12,0,2,3,12,0,2,,,,,,,,,,
RB,127,Alex,Armah,WAS,3,4.3,,,,,0,0,0,3,13,0,3,,,,,,,,,,
RB,128,Jashaun,Corbin,NYG,1,4.3,,,,,1,0,1,3,12,0,3,,,,,,,,,,
RB,129,Leonard,Fournette,BUF,2,4,,,,,40,0,12,0,0,0,0,,,,,,,,,,
RB,130,Elijah,Dotson,LAC,1,3.9,,,,,6,0,4,2,13,0,2,,,,,,,,,,
RB,131,Jake,Funk,IND,1,3.2,,,,,10,0,2,1,12,0,1,,,,,,,,,,
RB,132,Zonovan,Knight,DET,2,3.1,,,,,13,0,3,1,8,0,1,,,,,,,,,,
RB,133,Anthony,McFarland,PIT,1,3.1,,,,,0,0,0,2,11,0,2,,,,,,,,,,
RB,134,Derrick,Gore,WAS,2,2.6,,,,,26,0,3,0,0,0,0,,,,,,,,,,
RB,135,Devine,Ozigbo,DET,1,2.3,,,,,5,0,3,1,8,0,1,,,,,,,,,,
RB,136,Jakob,Johnson,LV,1,2.2,,,,,0,0,0,2,12,0,1,,,,,,,,,,
RB,137,Tyrion,Davis-Price,SF,1,2.1,,,,,21,0,6,0,0,0,0,,,,,,,,,,
RB,138,Chris,Evans,CIN,1,2.1,,,,,12,0,2,1,-1,0,1,,,,,,,,,,
RB,139,Zach,Evans,LAR,4,1.9,,,,,19,0,9,0,0,0,0,,,,,,,,,,
RB,140,Evan,Hull,IND,1,1.7,,,,,1,0,1,1,6,0,1,,,,,,,,,,
RB,141,Reggie,Gilliam,BUF,1,1.3,,,,,0,0,0,1,3,0,1,,,,,,,,,,
RB,142,Kene,Nwangwu,MIN,3,1.3,,,,,13,0,5,0,0,0,0,,,,,,,,,,
RB,143,Jonathan,Ward,TEN,1,1.1,,,,,11,0,3,0,0,0,0,,,,,,,,,,
RB,144,James,Robinson,GB,1,1,,,,,2,0,1,1,-2,0,1,,,,,,,,,,
RB,145,Jason,Cabinda,DET,1,0,,,,,0,0,1,0,0,0,0,,,,,,,,,,
RB,146,JaMycal,Hasty,JAC,1,0,,,,,0,0,0,2,0,0,0,,,,,,,,,,
RB,147,Travis,Homer,CHI,1,0,,,,,0,0,0,1,0,0,0,,,,,,,,,,
RB,148,Jordan,Mims,NO,1,0,,,,,0,0,0,2,0,0,0,,,,,,,,,,
RB,149,Jonathan,Williams,WAS,1,-0.2,,,,,-2,0,1,1,0,0,0,,,,,,,,,,
WR,0,CeeDee,Lamb,DAL,17,405.2,,,,,113,2,14,181,1749,12,135,,,,,,,,,,
WR,1,Tyreek,Hill,MIA,16,378.4,,,,,15,0,6,171,1799,13,119,,,,,,,,,,
WR,2,Amon-Ra,St.,DET,16,332.9,,,,,24,0,4,164,1515,10,119,,,,,,,,,,
WR,3,Puka,Nacua,LAR,17,298.5,,,,,89,0,12,160,1486,6,105,,,,,,,,,,
WR,4,A.J.,Brown,PHI,17,293.6,,,,,0,0,0,158,1456,7,106,,,,,,,,,,
WR,5,D.J.,Moore,CHI,17,288.5,,,,,21,1,4,136,1364,8,96,,,,,,,,,,
WR,6,Mike,Evans,TB,17,282.5,,,,,0,0,0,136,1255,13,79,,,,,,,,,,
WR,7,Keenan,Allen,LAC,13,274.9,,,,,6,0,2,150,1243,7,108,,,,,,,,,,
WR,8,Stefon,Diggs,BUF,17,273.8,,,,,5,0,1,160,1183,8,107,,,,,,,,,,
WR,9,Davante,Adams,LV,17,265.4,,,,,0,0,0,175,1144,8,103,,,,,,,,,,
WR,10,JaMarr,Chase,CIN,16,263,,,,,-6,0,3,145,1216,7,100,,,,,,,,,,
WR,11,Nico,Collins,HOU,15,258.4,,,,,7,0,1,109,1297,8,80,,,,,,,,,,
WR,12,Brandon,Aiyuk,SF,16,251.2,,,,,0,0,0,105,1342,7,75,,,,,,,,,,
WR,13,Michael,Pittman,IND,16,248.2,,,,,0,0,0,156,1152,4,109,,,,,,,,,,
WR,14,Deebo,Samuel,SF,15,243.7,,,,,225,5,37,89,892,7,60,,,,,,,,,,
WR,15,DeVonta,Smith,PHI,16,229.6,,,,,0,0,0,112,1066,7,81,,,,,,,,,,
WR,16,Chris,Olave,NO,16,229.3,,,,,0,0,0,138,1123,5,87,,,,,,,,,,
WR,17,Adam,Thielen,CAR,17,229,,,,,6,0,1,137,1014,4,103,,,,,,,,,,
WR,18,Calvin,Ridley,JAC,17,227.9,,,,,23,0,9,136,1016,8,76,,,,,,,,,,
WR,19,Amari,Cooper,CLE,15,227,,,,,0,0,0,128,1250,5,72,,,,,,,,,,
WR,20,DK,Metcalf,SEA,16,225.4,,,,,0,0,0,119,1114,8,66,,,,,,,,,,
WR,21,DeAndre,Hopkins,TEN,17,223.6,,,,,9,0,2,137,1057,7,75,,,,,,,,,,
WR,22,Jordan,Addison,MIN,17,221.3,,,,,2,0,1,108,911,10,70,,,,,,,,,,
WR,23,Garrett,Wilson,NYJ,17,217.2,,,,,0,0,4,168,1042,3,95,,,,,,,,,,
WR,24,Jayden,Reed,GB,16,215.2,,,,,119,2,11,94,793,8,64,,,,,,,,,,
WR,25,Rashee,Rice,KC,16,214.5,,,,,-3,0,1,102,938,7,79,,,,,,,,,,
WR,26,Jakobi,Meyers,LV,16,214.1,,,,,24,2,4,106,807,8,71,,,,,,,,,,
WR,27,George,Pickens,PIT,17,208.8,,,,,18,0,3,106,1140,5,63,,,,,,,,,,
WR,28,Chris,Godwin,TB,17,207.2,,,,,38,1,4,130,1024,2,83,,,,,,,,,,
WR,29,Zay,Flowers,BAL,16,204.4,,,,,56,1,8,108,858,5,77,,,,,,,,,,
WR,30,Justin,Jefferson,MIN,10,204.2,,,,,-12,0,1,100,1074,5,68,,,,,,,,,,
WR,31,Terry,McLaurin,WAS,17,203.2,,,,,0,0,0,132,1002,4,79,,,,,,,,,,
WR,32,Jaylen,Waddle,MIA,14,198.6,,,,,12,0,3,104,1014,4,72,,,,,,,,,,
WR,33,Tyler,Lockett,SEA,17,198.4,,,,,0,0,0,122,894,5,79,,,,,,,,,,
WR,34,Courtland,Sutton,DEN,16,196.2,,,,,0,0,0,90,772,10,59,,,,,,,,,,
WR,35,Romeo,Doubs,GB,17,174.4,,,,,0,0,0,96,674,8,59,,,,,,,,,,
WR,36,Drake,London,ATL,16,171.5,,,,,0,0,0,110,905,2,69,,,,,,,,,,
WR,37,Brandin,Cooks,DAL,16,171.2,,,,,35,0,5,81,657,8,54,,,,,,,,,,
WR,38,Tank,Dell,HOU,10,165,,,,,51,0,11,75,709,7,47,,,,,,,,,,
WR,39,Cooper,Kupp,LAR,12,162.4,,,,,-3,0,1,95,737,5,59,,,,,,,,,,
WR,40,Gabe,Davis,BUF,16,161.4,,,,,-2,0,1,81,746,7,45,,,,,,,,,,
WR,41,Curtis,Samuel,WAS,16,157.2,,,,,39,1,7,91,613,4,62,,,,,,,,,,
WR,42,Josh,Downs,IND,17,157.1,,,,,0,0,0,98,771,2,68,,,,,,,,,,
WR,43,Christian,Kirk,JAC,12,154.3,,,,,6,0,1,85,787,3,57,,,,,,,,,,
WR,44,Diontae,Johnson,PIT,13,152.7,,,,,0,0,0,87,717,5,51,,,,,,,,,,
WR,45,Rashid,Shaheed,NO,15,151.6,,,,,37,0,7,75,719,5,46,,,,,,,,,,
WR,46,Darius,Slayton,NYG,17,151,,,,,0,0,0,79,770,4,50,,,,,,,,,,
WR,47,Jaxon,Smith-Njigba,SEA,17,149.8,,,,,0,0,0,93,628,4,63,,,,,,,,,,
WR,48,Tyler,Boyd,CIN,17,146.8,,,,,11,0,2,98,667,2,67,,,,,,,,,,
WR,49,Jerry,Jeudy,DEN,16,141.8,,,,,0,0,0,87,758,2,54,,,,,,,,,,
WR,50,Tee,Higgins,CIN,12,137.6,,,,,0,0,0,76,656,5,42,,,,,,,,,,
WR,51,Elijah,Moore,CLE,16,136.1,,,,,11,0,9,104,640,2,59,,,,,,,,,,
WR,52,Marquise,Brown,ARI,14,134.7,,,,,23,0,2,101,574,4,51,,,,,,,,,,
WR,53,WanDale,Robinson,NYG,15,133.2,,,,,87,1,9,78,525,1,60,,,,,,,,,,
WR,54,Josh,Reynolds,DET,16,130.8,,,,,0,0,0,64,608,5,40,,,,,,,,,,
WR,55,Jahan,Dotson,WAS,17,124.8,,,,,0,0,0,83,518,4,49,,,,,,,,,,
WR,56,Dontayvion,Wicks,GB,15,121.2,,,,,1,0,1,58,581,4,39,,,,,,,,,,
WR,57,K.J.,Osborn,MIN,15,120,,,,,0,0,0,75,540,3,48,,,,,,,,,,
WR,58,D.J.,Chark,CAR,14,117.5,,,,,0,0,0,66,525,5,35,,,,,,,,,,
WR,59,Khalil,Shakir,BUF,16,113.1,,,,,10,0,1,45,611,2,39,,,,,,,,,,
WR,60,Michael,Wilson,ARI,13,112.5,,,,,0,0,0,58,565,3,38,,,,,,,,,,
WR,61,Odell,Beckham,BAL,14,109.5,,,,,0,0,0,64,565,3,35,,,,,,,,,,
WR,62,Demario,Douglas,NE,14,109.2,,,,,41,0,8,79,561,0,49,,,,,,,,,,
WR,63,Josh,Palmer,LAC,10,108.7,,,,,6,0,1,61,581,2,38,,,,,,,,,,
WR,64,Tutu,Atwell,LAR,14,108.4,,,,,31,0,5,67,483,3,39,,,,,,,,,,
WR,65,Rondale,Moore,ARI,17,105,,,,,178,1,28,62,352,1,40,,,,,,,,,,
WR,66,Kendrick,Bourne,NE,8,102,,,,,4,0,1,55,406,4,37,,,,,,,,,,
WR,67,Noah,Brown,HOU,10,101.6,,,,,-1,0,1,55,567,2,33,,,,,,,,,,
WR,68,Christian,Watson,GB,9,101.3,,,,,11,0,4,53,422,5,28,,,,,,,,,,
WR,69,Trey,Palmer,TB,17,97.7,,,,,22,0,3,68,385,3,39,,,,,,,,,,
WR,70,Kalif,Raymond,DET,17,97.4,,,,,75,0,7,44,489,1,35,,,,,,,,,,
WR,71,Nelson,Agholor,BAL,16,97.1,,,,,0,0,0,45,381,4,35,,,,,,,,,,
WR,72,Alec,Pierce,IND,17,95.4,,,,,0,0,0,65,514,2,32,,,,,,,,,,
WR,73,Quentin,Johnston,LAC,17,94,,,,,9,0,3,67,431,2,38,,,,,,,,,,
WR,74,Justin,Watson,KC,15,91,,,,,0,0,0,53,460,3,27,,,,,,,,,,
WR,75,Michael,Thomas,NO,10,89.8,,,,,0,0,0,64,448,1,39,,,,,,,,,,
WR,76,Demarcus,Robinson,LAR,8,89.4,,,,,23,0,1,39,371,4,26,,,,,,,,,,
WR,77,Robert,Woods,HOU,13,89.3,,,,,7,0,1,75,426,1,40,,,,,,,,,,
WR,78,Michael,Gallup,DAL,16,87.8,,,,,0,0,0,57,418,2,34,,,,,,,,,,
WR,79,Jonathan,Mingo,CAR,15,84.8,,,,,0,0,0,85,418,0,43,,,,,,,,,,
WR,80,Nick,Westbrook-Ikhine,TEN,13,83,,,,,0,0,0,45,370,3,28,,,,,,,,,,
WR,81,Jameson,Williams,DET,12,80.3,,,,,29,1,3,42,354,2,24,,,,,,,,,,
WR,82,Darnell,Mooney,CHI,14,78.9,,,,,5,0,2,61,414,1,31,,,,,,,,,,
WR,83,Zay,Jones,JAC,9,78.1,,,,,0,0,0,64,321,2,34,,,,,,,,,,
WR,84,Rashod,Bateman,BAL,15,76.5,,,,,18,0,1,56,367,1,32,,,,,,,,,,
WR,85,DeVante,Parker,NE,13,72.4,,,,,0,0,0,55,394,0,33,,,,,,,,,,
WR,86,Tre,Tucker,LV,13,71.8,,,,,77,0,10,34,331,2,19,,,,,,,,,,
WR,87,Brandon,Johnson,DEN,10,71.4,,,,,0,0,0,30,284,4,19,,,,,,,,,,
WR,88,Cedrick,Wilson,MIA,11,69.6,,,,,0,0,0,38,296,3,22,,,,,,,,,,
WR,89,Brandon,Powell,MIN,14,69.1,,,,,17,0,5,44,324,1,29,,,,,,,,,,
WR,90,Marvin,Mims,DEN,15,68.7,,,,,30,0,9,33,377,1,22,,,,,,,,,,
WR,91,Chris,Moore,TEN,15,68.3,,,,,39,0,2,35,424,0,22,,,,,,,,,,
WR,92,Greg,Dortch,ARI,9,64.5,,,,,5,0,1,41,280,2,24,,,,,,,,,,
WR,93,Trenton,Irwin,CIN,10,62.6,,,,,0,0,0,32,316,1,25,,,,,,,,,,
WR,94,Isaiah,Hodgins,NYG,14,62,,,,,0,0,0,33,230,3,21,,,,,,,,,,
WR,95,Allen,Robinson,PIT,15,62,,,,,0,0,0,49,280,0,34,,,,,,,,,,
WR,96,JuJu,Smith-Schuster,NE,11,61,,,,,0,0,0,47,260,1,29,,,,,,,,,,
WR,97,Jalen,Tolbert,DAL,14,60.8,,,,,0,0,0,36,268,2,22,,,,,,,,,,
WR,98,A.T.,Perry,NO,8,60.6,,,,,0,0,0,18,246,4,12,,,,,,,,,,
WR,99,Jalin,Hyatt,NYG,13,60.3,,,,,0,0,0,40,373,0,23,,,,,,,,,,
WR,100,Allen,Lazard,NYJ,13,60.1,,,,,0,0,0,49,311,1,23,,,,,,,,,,
WR,101,KaVontae,Turpin,DAL,12,59.7,,,,,110,1,11,18,127,3,12,,,,,,,,,,
WR,102,Marquez,Valdes-Scantling,KC,16,58.5,,,,,0,0,0,42,315,1,21,,,,,,,,,,
WR,103,Braxton,Berrios,MIA,13,57.9,,,,,11,0,1,33,238,1,27,,,,,,,,,,
WR,104,Jake,Bobo,SEA,14,56.9,,,,,3,1,1,25,196,2,19,,,,,,,,,,
WR,105,Xavier,Gipson,NYJ,14,56.7,,,,,68,1,8,38,229,0,21,,,,,,,,,,
WR,106,Skyy,Moore,KC,13,53.7,,,,,23,0,3,38,244,1,21,,,,,,,,,,
WR,107,Kadarius,Toney,KC,13,53,,,,,31,0,11,38,169,1,27,,,,,,,,,,
WR,108,Calvin,Austin,PIT,14,52.7,,,,,57,1,11,30,180,1,17,,,,,,,,,,
WR,109,Jauan,Jennings,SF,12,51.5,,,,,0,0,0,33,265,1,19,,,,,,,,,,
WR,110,Andrei,Iosivas,CIN,9,50.6,,,,,0,0,0,25,116,4,15,,,,,,,,,,
WR,111,Hunter,Renfrow,LV,13,50.5,,,,,0,0,0,37,255,0,25,,,,,,,,,,
WR,112,Mike,Williams,LAC,3,50.2,,,,,3,0,1,26,249,1,19,,,,,,,,,,
WR,113,David,Bell,CLE,9,48.7,,,,,0,0,0,23,167,3,14,,,,,,,,,,
WR,114,LilJordan,Humphrey,DEN,11,47.2,,,,,0,0,0,19,162,3,13,,,,,,,,,,
WR,115,Bo,Melton,GB,4,45.9,,,,,21,0,3,24,218,1,16,,,,,,,,,,
WR,116,Alex,Erickson,LAC,8,45.2,,,,,0,0,0,29,232,1,16,,,,,,,,,,
WR,117,Cedric,Tillman,CLE,11,44.2,,,,,8,0,1,44,224,0,21,,,,,,,,,,
WR,118,Mack,Hollins,ATL,9,43.1,,,,,0,0,0,30,251,0,18,,,,,,,,,,
WR,119,Jamal,Agnew,JAC,8,42.3,,,,,-2,0,4,21,225,1,14,,,,,,,,,,
WR,120,Van,Jefferson,LAR,14,41.3,,,,,4,0,1,43,209,0,20,,,,,,,,,,
WR,121,Parker,Washington,JAC,6,41.2,,,,,0,0,0,21,132,2,16,,,,,,,,,,
WR,122,Treylon,Burks,TEN,9,39.9,,,,,18,0,5,30,221,0,16,,,,,,,,,,
WR,123,Scotty,Miller,ATL,9,39.1,,,,,0,0,0,16,161,2,11,,,,,,,,,,
WR,124,Olamide,Zaccheaus,PHI,11,38.4,,,,,0,0,0,20,164,2,10,,,,,,,,,,
WR,125,Jamison,Crowder,WAS,7,37.9,,,,,0,0,0,20,159,1,16,,,,,,,,,,
WR,126,Tyler,Scott,CHI,13,37.9,,,,,41,0,7,32,168,0,17,,,,,,,,,,
WR,127,KhaDarel,Hodge,ATL,13,37.2,,,,,0,0,1,23,232,0,14,,,,,,,,,,
WR,128,Deven,Thompkins,TB,12,36.9,,,,,56,0,8,25,83,1,17,,,,,,,,,,
WR,129,Julio,Jones,PHI,8,36.4,,,,,0,0,0,19,74,3,11,,,,,,,,,,
WR,130,Deonte,Harty,BUF,13,36,,,,,0,0,4,21,150,1,15,,,,,,,,,,
WR,131,Quez,Watkins,PHI,5,35.2,,,,,0,0,0,21,142,1,15,,,,,,,,,,
WR,132,Dyami,Brown,WAS,13,34.8,,,,,0,0,1,23,168,1,12,,,,,,,,,,
WR,133,Malik,Heath,GB,12,33.5,,,,,0,0,0,24,125,1,15,,,,,,,,,,
WR,134,Kyle,Philips,TEN,8,33.1,,,,,0,0,0,22,181,0,15,,,,,,,,,,
WR,135,Terrace,Marshall,CAR,8,32.9,,,,,0,0,0,33,139,0,19,,,,,,,,,,
WR,136,John,Metchie,HOU,14,32.2,,,,,4,0,1,30,158,0,16,,,,,,,,,,
WR,137,Derius,Davis,LAC,14,31.7,,,,,101,0,14,17,66,0,15,,,,,,,,,,
WR,138,Ronnie,Bell,SF,8,30.8,,,,,0,0,0,13,68,3,6,,,,,,,,,,
WR,139,Parris,Campbell,NYG,8,30.4,,,,,0,0,0,27,104,0,20,,,,,,,,,,
WR,140,Byron,Pringle,WAS,12,30.1,,,,,0,0,0,22,161,0,14,,,,,,,,,,
WR,141,Ray-Ray,McCloud,SF,7,28.5,,,,,30,0,3,15,135,0,12,,,,,,,,,,
WR,142,Donovan,Peoples-Jones,CLE,12,28.5,,,,,0,0,0,25,155,0,13,,,,,,,,,,
WR,143,Mecole,Hardman,NYJ,7,27.7,,,,,3,0,1,24,124,0,15,,,,,,,,,,
WR,144,Tyquan,Thornton,NE,9,27.2,,,,,51,0,3,23,91,0,13,,,,,,,,,,
WR,145,River,Cracraft,MIA,6,27.1,,,,,0,0,0,12,121,1,9,,,,,,,,,,
WR,146,Ihmir,Smith-Marsette,CAR,6,26.5,,,,,74,1,8,10,51,0,8,,,,,,,,,,
WR,147,Trent,Sherfield,BUF,9,25.6,,,,,0,0,0,22,86,1,11,,,,,,,,,,
WR,148,Jalen,Guyton,LAC,7,24.9,,,,,0,0,0,21,89,1,10,,,,,,,,,,
WR,149,Robbie,Chosen,MIA,5,22.6,,,,,0,0,0,6,126,1,4,,,,,,,,,,
WR,150,Lynn,Bowden,NO,8,22.5,,,,,32,0,5,16,83,0,11,,,,,,,,,,
WR,151,Jalen,Reagor,NE,9,22.5,,,,,17,0,1,23,138,0,7,,,,,,,,,,
WR,152,Sterling,Shepard,NYG,10,22.3,,,,,6,0,1,22,57,1,10,,,,,,,,,,
WR,153,Xavier,Hutchinson,HOU,11,21.9,,,,,49,0,5,19,90,0,8,,,,,,,,,,
WR,154,Chase,Claypool,CHI,7,21.7,,,,,0,0,0,21,77,1,8,,,,,,,,,,
WR,155,Laviska,Shenault,CAR,8,21.5,,,,,55,0,12,10,60,0,10,,,,,,,,,,
WR,156,Ben,Skowronek,LAR,9,21.5,,,,,9,0,2,12,66,1,8,,,,,,,,,,
WR,157,Richie,James,KC,8,21.4,,,,,0,0,0,14,114,0,10,,,,,,,,,,
WR,158,Isaiah,McKenzie,IND,10,20.6,,,,,14,0,3,14,82,0,11,,,,,,,,,,
WR,159,David,Moore,TB,6,20.4,,,,,0,0,0,7,94,1,5,,,,,,,,,,
WR,160,Tim,Jones,JAC,9,19.3,,,,,0,0,0,18,83,0,11,,,,,,,,,,
WR,161,Jason,Brownlee,NYJ,4,16.6,,,,,0,0,0,8,56,1,5,,,,,,,,,,
WR,162,Samori,Toure,GB,8,15.8,,,,,0,0,0,18,78,0,8,,,,,,,,,,
WR,163,Randall,Cobb,NYJ,9,14.9,,,,,0,0,0,17,39,1,5,,,,,,,,,,
WR,164,Charlie,Jones,CIN,4,14.7,,,,,13,0,2,9,64,0,7,,,,,,,,,,
WR,165,Keith,Kirkwood,NO,7,14.7,,,,,0,0,0,9,37,1,5,,,,,,,,,,
WR,166,D.J.,Montgomery,IND,2,14.6,,,,,0,0,0,8,56,1,3,,,,,,,,,,
WR,167,Marquise,Goodwin,CLE,10,14,,,,,33,0,4,13,67,0,4,,,,,,,,,,
WR,168,Jalen,Brooks,DAL,3,12.4,,,,,0,0,0,6,64,0,6,,,,,,,,,,
WR,169,Justyn,Ross,KC,5,11.3,,,,,0,0,0,11,53,0,6,,,,,,,,,,
WR,170,Equanimeous,St.,CHI,5,11.2,,,,,0,0,0,6,62,0,5,,,,,,,,,,
WR,171,Velus,Jones,CHI,10,11.1,,,,,51,0,8,7,20,0,4,,,,,,,,,,
WR,172,Rakim,Jarrett,TB,6,10,,,,,0,0,1,9,60,0,4,,,,,,,,,,
WR,173,Chris,Conley,SF,1,9.9,,,,,0,0,0,6,69,0,3,,,,,,,,,,
WR,174,DeAndre,Carter,LV,8,9.7,,,,,18,0,3,7,39,0,4,,,,,,,,,,
WR,175,Keelan,Doss,LAC,2,9.3,,,,,0,0,0,13,33,0,6,,,,,,,,,,
WR,176,Tyler,Johnson,LAR,1,8.8,,,,,0,0,0,3,8,1,2,,,,,,,,,,
WR,177,Marvin,Jones,DET,4,8.5,,,,,0,0,0,10,35,0,5,,,,,,,,,,
WR,178,Britain,Covey,PHI,2,8.2,,,,,0,0,0,6,42,0,4,,,,,,,,,,
WR,179,Simi,Fehoko,LAC,1,7.9,,,,,0,0,0,2,9,1,1,,,,,,,,,,
WR,180,Devin,Duvernay,BAL,6,7.3,,,,,15,0,4,9,18,0,4,,,,,,,,,,
WR,181,Austin,Trammell,LAR,3,6.9,,,,,0,0,0,7,29,0,4,,,,,,,,,,
WR,182,Elijah,Cooks,JAC,2,6.8,,,,,0,0,0,4,38,0,3,,,,,,,,,,
WR,183,Jalen,Nailor,MIN,2,5.9,,,,,0,0,0,6,29,0,3,,,,,,,,,,
WR,184,Zach,Pascal,ARI,9,5.9,,,,,0,0,0,15,19,0,4,,,,,,,,,,
WR,185,Steven,Sims,HOU,2,5.6,,,,,1,0,1,3,25,0,3,,,,,,,,,,
WR,186,Mike,Strachan,CAR,2,5.5,,,,,0,0,0,3,45,0,1,,,,,,,,,,
WR,187,Miles,Boykin,PIT,4,4.7,,,,,0,0,0,4,17,0,3,,,,,,,,,,
WR,188,Kayshon,Boutte,NE,3,3.9,,,,,0,0,0,7,19,0,2,,,,,,,,,,
WR,189,Willie,Snead,SF,2,3.4,,,,,0,0,0,3,14,0,2,,,,,,,,,,
WR,190,Malik,Taylor,NYJ,2,3.3,,,,,0,0,0,4,13,0,2,,,,,,,,,,
WR,191,Trishton,Jackson,MIN,2,2.9,,,,,0,0,0,4,9,0,2,,,,,,,,,,
WR,192,Laquon,Treadwell,BAL,1,2.6,,,,,0,0,0,3,16,0,1,,,,,,,,,,
WR,193,Erik,Ezukanma,MIA,2,2.2,,,,,22,0,5,1,0,0,0,,,,,,,,,,
WR,194,Collin,Johnson,CHI,1,2.1,,,,,0,0,0,1,11,0,1,,,,,,,,,,
WR,195,Tylan,Wallace,BAL,1,2.1,,,,,0,0,0,2,11,0,1,,,,,,,,,,
WR,196,Cody,Thompson,SEA,1,2,,,,,0,0,0,1,10,0,1,,,,,,,,,,
WR,197,Mason,Kinsey,TEN,1,1.6,,,,,0,0,0,1,6,0,1,,,,,,,,,,
WR,198,Colton,Dowell,TEN,2,1.3,,,,,0,0,0,2,3,0,1,,,,,,,,,,
WR,199,Antoine,Green,DET,2,1.2,,,,,0,0,0,2,2,0,1,,,,,,,,,,
WR,200,Kwamie,Lassiter,CIN,1,1.2,,,,,0,0,0,1,2,0,1,,,,,,,,,,
WR,201,Gunner,Olszewski,PIT,2,1,,,,,0,0,0,1,0,0,1,,,,,,,,,,
WR,202,Dee,Eskridge,SEA,3,0.5,,,,,5,0,2,1,0,0,0,,,,,,,,,,
WR,203,Damiere,Byrd,ATL,1,0,,,,,0,0,0,2,0,0,0,,,,,,,,,,
WR,204,Irvin,Charles,NYJ,1,0,,,,,0,0,0,1,0,0,0,,,,,,,,,,
WR,205,Malik,Cunningham,NE,1,0,,,,,0,0,0,0,0,0,0,,,,,,,,,,
WR,206,Phillip,Dorsett,DEN,2,0,,,,,0,0,0,3,0,0,0,,,,,,,,,,
WR,207,Shedrick,Jackson,CIN,1,0,,,,,0,0,0,1,0,0,0,,,,,,,,,,
WR,208,James,Proche,CLE,2,0,,,,,0,0,0,5,0,0,0,,,,,,,,,,
WR,209,Amari,Rodgers,IND,1,0,,,,,0,0,0,2,0,0,0,,,,,,,,,,
WR,210,Juwann,Winfree,IND,1,0,,,,,0,0,0,1,0,0,0,,,,,,,,,,
WR,211,Trent,Taylor,CHI,4,-0.2,,,,,-2,0,1,2,0,0,0,,,,,,,,,,
TE,0,Sam,LaPorta,DET,17,235.3,,,,,,,,120,889,10,86,,,,,,,,,,
TE,1,Evan,Engram,JAC,17,234.3,,,,,,,,143,963,4,114,,,,,,,,,,
TE,2,Travis,Kelce,KC,15,221.4,,,,,,,,121,984,5,93,,,,,,,,,,
TE,3,T.J.,Hockenson,MIN,15,221,,,,,,,,127,960,5,95,,,,,,,,,,
TE,4,David,Njoku,CLE,16,205.2,,,,,,,,123,882,6,81,,,,,,,,,,
TE,5,George,Kittle,SF,16,203.2,,,,,,,,90,1020,6,65,,,,,,,,,,
TE,6,Trey,McBride,ARI,17,181.5,,,,,,,,106,825,3,81,,,,,,,,,,
TE,7,Cole,Kmet,CHI,16,181.1,,,,,,,,90,719,6,73,,,,,,,,,,
TE,8,Jake,Ferguson,DAL,17,177.1,,,,,,,,102,761,5,71,,,,,,,,,,
TE,9,Dalton,Schultz,HOU,15,152.5,,,,,,,,88,635,5,59,,,,,,,,,,
TE,10,Dalton,Kincaid,BUF,16,152.3,,,,,,,,91,673,2,73,,,,,,,,,,
TE,11,Taysom,Hill,NO,16,138.2,,,,,,,,40,291,2,33,,,,,,,,,,
TE,12,Kyle,Pitts,ATL,17,137.3,,,,,,,,90,667,3,53,,,,,,,,,,
TE,13,Dallas,Goedert,PHI,14,136.3,,,,,,,,83,592,3,59,,,,,,,,,,
TE,14,Mark,Andrews,BAL,10,135.4,,,,,,,,61,544,6,45,,,,,,,,,,
TE,15,Logan,Thomas,WAS,16,128.8,,,,,,,,78,496,4,55,,,,,,,,,,
TE,16,Jonnu,Smith,ATL,15,126.2,,,,,,,,70,582,3,50,,,,,,,,,,
TE,17,Tyler,Conklin,NYJ,17,123.1,,,,,,,,87,621,0,61,,,,,,,,,,
TE,18,Hunter,Henry,NE,13,119.9,,,,,,,,61,419,6,42,,,,,,,,,,
TE,19,Cade,Otton,TB,17,116.5,,,,,,,,67,455,4,47,,,,,,,,,,
TE,20,Chigoziem,Okonkwo,TEN,17,113.4,,,,,,,,77,528,1,54,,,,,,,,,,
TE,21,Darren,Waller,NYG,12,113.2,,,,,,,,74,552,1,52,,,,,,,,,,
TE,22,Gerald,Everett,LAC,15,111.1,,,,,,,,70,411,3,51,,,,,,,,,,
TE,23,Tyler,Higbee,LAR,15,108.5,,,,,,,,70,495,2,47,,,,,,,,,,
TE,24,Isaiah,Likely,BAL,13,101.1,,,,,,,,40,411,5,30,,,,,,,,,,
TE,25,Juwan,Johnson,NO,13,97.8,,,,,,,,59,368,4,37,,,,,,,,,,
TE,26,Tanner,Hudson,CIN,13,80.2,,,,,,,,50,352,1,39,,,,,,,,,,
TE,27,Donald,Parham,LAC,13,79.5,,,,,,,,41,285,4,27,,,,,,,,,,
TE,28,Tucker,Kraft,GB,10,78.5,,,,,,,,40,355,2,31,,,,,,,,,,
TE,29,Luke,Musgrave,GB,11,75.2,,,,,,,,46,352,1,34,,,,,,,,,,
TE,30,Pat,Freiermuth,PIT,12,74.8,,,,,,,,47,308,2,32,,,,,,,,,,
TE,31,Noah,Fant,SEA,14,73.4,,,,,,,,43,414,0,32,,,,,,,,,,
TE,32,Kylen,Granson,IND,15,73,,,,,,,,50,368,1,30,,,,,,,,,,
TE,33,Durham,Smythe,MIA,15,71.6,,,,,,,,43,366,0,35,,,,,,,,,,
TE,34,Noah,Gray,KC,16,70.6,,,,,,,,41,305,2,28,,,,,,,,,,
TE,35,Michael,Mayer,LV,12,69.4,,,,,,,,40,304,2,27,,,,,,,,,,
TE,36,Mike,Gesicki,NE,15,65.4,,,,,,,,45,244,2,29,,,,,,,,,,
TE,37,Colby,Parkinson,SEA,14,61.7,,,,,,,,34,247,2,25,,,,,,,,,,
TE,38,Adam,Trautman,DEN,17,60.4,,,,,,,,35,204,3,22,,,,,,,,,,
TE,39,Tommy,Tremble,CAR,13,60.4,,,,,,,,32,194,3,23,,,,,,,,,,
TE,40,Josh,Oliver,MIN,12,55.3,,,,,,,,28,213,2,22,,,,,,,,,,
TE,41,Dawson,Knox,BUF,10,52.6,,,,,,,,36,186,2,22,,,,,,,,,,
TE,42,Zach,Ertz,ARI,7,51.7,,,,,,,,43,187,1,27,,,,,,,,,,
TE,43,Brevin,Jordan,HOU,9,50.9,,,,,,,,21,219,2,17,,,,,,,,,,
TE,44,Daniel,Bellinger,NYG,13,50.5,,,,,,,,28,255,0,25,,,,,,,,,,
TE,45,Drew,Sample,CIN,14,50.3,,,,,,,,27,163,2,22,,,,,,,,,,
TE,46,Austin,Hooper,LV,16,48.4,,,,,,,,31,234,0,25,,,,,,,,,,
TE,47,Mo,Alie-Cox,IND,13,47.1,,,,,,,,22,161,3,13,,,,,,,,,,
TE,48,Foster,Moreau,NO,11,46.3,,,,,,,,25,193,1,21,,,,,,,,,,
TE,49,Hayden,Hurst,CAR,9,42.4,,,,,,,,32,184,1,18,,,,,,,,,,
TE,50,Will,Dissly,SEA,12,40.2,,,,,,,,22,172,1,17,,,,,,,,,,
TE,51,Johnny,Mundt,MIN,9,40.2,,,,,,,,23,172,1,17,,,,,,,,,,
TE,52,Harrison,Bryant,CLE,13,39.9,,,,,,,,20,81,3,13,,,,,,,,,,
TE,53,Pharaoh,Brown,NE,9,39.8,,,,,,,,15,208,1,13,,,,,,,,,,
TE,54,Connor,Heyward,PIT,11,39.7,,,,,,,,34,167,0,23,,,,,,,,,,
TE,55,Will,Mallory,IND,11,38.7,,,,,,,,26,207,0,18,,,,,,,,,,
TE,56,Elijah,Higgins,ARI,9,36.3,,,,,,,,19,163,1,14,,,,,,,,,,
TE,57,Andrew,Ogletree,IND,10,35.7,,,,,,,,21,147,2,9,,,,,,,,,,
TE,58,Irv,Smith,CIN,9,35.5,,,,,,,,26,115,1,18,,,,,,,,,,
TE,59,John,Bates,WAS,14,34.1,,,,,,,,28,151,0,19,,,,,,,,,,
TE,60,Jimmy,Graham,NO,5,33.9,,,,,,,,7,39,4,6,,,,,,,,,,
TE,61,Stone,Smartt,LAC,12,32.5,,,,,,,,21,155,1,11,,,,,,,,,,
TE,62,Jeremy,Ruckert,NYJ,10,31.1,,,,,,,,22,151,0,16,,,,,,,,,,
TE,63,Luke,Farrell,JAC,9,28.5,,,,,,,,15,155,0,13,,,,,,,,,,
TE,64,Jordan,Akins,CLE,13,28.2,,,,,,,,23,132,0,15,,,,,,,,,,
TE,65,Brock,Wright,DET,8,28.1,,,,,,,,14,91,1,13,,,,,,,,,,
TE,66,Luke,Schoonmaker,DAL,11,26.5,,,,,,,,15,65,2,8,,,,,,,,,,
TE,67,MyCole,Pruitt,ATL,9,26,,,,,,,,12,110,1,9,,,,,,,,,,
TE,68,Davis,Allen,LAR,4,25.5,,,,,,,,11,95,1,10,,,,,,,,,,
TE,69,Stephen,Sullivan,CAR,10,24.5,,,,,,,,24,125,0,12,,,,,,,,,,
TE,70,Josh,Whyle,TEN,8,24.4,,,,,,,,15,94,1,9,,,,,,,,,,
TE,71,Lucas,Krull,DEN,7,23.5,,,,,,,,14,95,1,8,,,,,,,,,,
TE,72,Cole,Turner,WAS,7,23,,,,,,,,15,120,0,11,,,,,,,,,,
TE,73,Robert,Tonyan,CHI,11,22.2,,,,,,,,17,112,0,11,,,,,,,,,,
TE,74,Charlie,Kolar,BAL,6,21.7,,,,,,,,9,87,1,7,,,,,,,,,,
TE,75,C.J.,Uzomah,NYJ,7,19.8,,,,,,,,12,58,1,8,,,,,,,,,,
TE,76,Geoff,Swaim,ARI,7,19.4,,,,,,,,11,94,0,10,,,,,,,,,,
TE,77,Mitchell,Wilcox,CIN,9,14.6,,,,,,,,12,56,0,9,,,,,,,,,,
TE,78,Josiah,Deguara,GB,4,14.5,,,,,,,,8,65,0,8,,,,,,,,,,
TE,79,Brenton,Strange,JAC,5,14.5,,,,,,,,9,35,1,5,,,,,,,,,,
TE,80,Blake,Bell,KC,6,13.6,,,,,,,,9,26,1,5,,,,,,,,,,
TE,81,Lawrence,Cager,NYG,3,13.6,,,,,,,,5,36,1,4,,,,,,,,,,
TE,82,Darnell,Washington,PIT,8,13.1,,,,,,,,10,61,0,7,,,,,,,,,,
TE,83,Marcedes,Lewis,CHI,5,12.9,,,,,,,,5,29,1,4,,,,,,,,,,
TE,84,Brycen,Hopkins,LAR,4,12.8,,,,,,,,7,78,0,5,,,,,,,,,,
TE,85,Ben,Sims,GB,6,12.1,,,,,,,,6,21,1,4,,,,,,,,,,
TE,86,Payne,Durham,TB,6,10.8,,,,,,,,7,58,0,5,,,,,,,,,,
TE,87,Julian,Hill,MIA,6,10.8,,,,,,,,9,48,0,6,,,,,,,,,,
TE,88,Quintin,Morris,BUF,2,10.6,,,,,,,,3,26,1,2,,,,,,,,,,
TE,89,Ian,Thomas,CAR,7,10.6,,,,,,,,9,56,0,5,,,,,,,,,,
TE,90,Jack,Stoll,PHI,5,8.8,,,,,,,,8,38,0,5,,,,,,,,,,
TE,91,Grant,Calcaterra,PHI,2,7.9,,,,,,,,4,39,0,4,,,,,,,,,,
TE,92,Peyton,Hendershot,DAL,7,7.8,,,,,,,,7,38,0,4,,,,,,,,,,
TE,93,Ko,Kieft,TB,3,7.2,,,,,,,,5,2,1,1,,,,,,,,,,
TE,94,Nate,Adkins,DEN,4,6.2,,,,,,,,5,22,0,4,,,,,,,,,,
TE,95,Charlie,Woerner,SF,3,6.2,,,,,,,,3,32,0,3,,,,,,,,,,
TE,96,Greg,Dulcich,DEN,2,5.5,,,,,,,,4,25,0,3,,,,,,,,,,
TE,97,Teagan,Quitoriano,HOU,3,5.3,,,,,,,,3,33,0,2,,,,,,,,,,
TE,98,James,Mitchell,DET,2,4.8,,,,,,,,2,28,0,2,,,,,,,,,,
TE,99,Kenny,Yeboah,NYJ,2,4.8,,,,,,,,4,28,0,2,,,,,,,,,,
TE,100,Eric,Saubert,HOU,3,4.2,,,,,,,,3,12,0,3,,,,,,,,,,
TE,101,Chris,Manhertz,DEN,4,3.6,,,,,,,,4,16,0,2,,,,,,,,,,
TE,102,Nick,Muse,MIN,1,3.2,,,,,,,,1,22,0,1,,,,,,,,,,
TE,103,Trevon,Wesco,TEN,3,3.1,,,,,,,,3,21,0,1,,,,,,,,,,
TE,104,Ross,Dwelley,SF,2,2.2,,,,,,,,2,12,0,1,,,,,,,,,,
TE,105,John,FitzPatrick,ATL,1,2.2,,,,,,,,1,12,0,1,,,,,,,,,,
TE,106,Tucker,Fisk,ATL,1,1.9,,,,,,,,1,9,0,1,,,,,,,,,,
TE,107,Cole,Fotheringham,LV,1,1.6,,,,,,,,1,6,0,1,,,,,,,,,,
TE,108,Kevin,Rader,TEN,2,1.6,,,,,,,,3,6,0,1,,,,,,,,,,
TE,109,Jesper,Horsted,LV,1,1.4,,,,,,,,1,4,0,1,,,,,,,,,,
TE,110,Nick,Vannett,LAC,1,1.3,,,,,,,,1,3,0,1,,,,,,,,,,
TE,111,Giovanni,Ricci,CAR,1,1.2,,,,,,,,1,2,0,1,,,,,,,,,,
TE,112,David,Wells,TB,1,1,,,,,,,,2,-10,0,2,,,,,,,,,,
TE,113,Sean,McKeon,DAL,2,0,,,,,,,,2,0,0,0,,,,,,,,,,
TE,114,Albert,Okwuegbunam,PHI,1,0,,,,,,,,1,0,0,0,,,,,,,,,,
TE,115,Rodney,Williams,PIT,1,0,,,,,,,,2,0,0,0,,,,,,,,,,
K,0,Brandon,Aubrey, DAL,17,157,,,,,,,,,,,,36,38,94.7,49,,,,,,
K,1,Justin,Tucker, BAL,17,147,,,,,,,,,,,,32,37,86.5,51,,,,,,
K,2,Jason,Myers, SEA,17,138,,,,,,,,,,,,35,42,83.3,33,,,,,,
K,3,Harrison,Butker, KC,17,137,,,,,,,,,,,,33,35,94.3,38,,,,,,
K,4,Cairo,Santos, CHI,17,136,,,,,,,,,,,,35,38,92.1,31,,,,,,
K,5,Jake,Elliott, PHI,17,135,,,,,,,,,,,,30,32,93.8,45,,,,,,
K,6,Matt,Gay, IND,17,134,,,,,,,,,,,,33,41,80.5,35,,,,,,
K,7,Blake,Grupe, NO,17,130,,,,,,,,,,,,30,37,81.1,40,,,,,,
K,8,Jason,Sanders, MIA,17,130,,,,,,,,,,,,24,28,85.7,58,,,,,,
K,9,Cameron,Dicker, LAC,17,128,,,,,,,,,,,,31,33,93.9,35,,,,,,
K,10,Brandon,McManus, JAC,17,125,,,,,,,,,,,,30,37,81.1,35,,,,,,
K,11,Dustin,Hopkins, CLE,15,123,,,,,,,,,,,,33,36,91.7,24,,,,,,
K,12,Younghoe,Koo, ATL,17,123,,,,,,,,,,,,32,37,86.5,27,,,,,,
K,13,Jake,Moody, SF,17,123,,,,,,,,,,,,21,25,84,60,,,,,,
K,14,Tyler,Bass, BUF,17,121,,,,,,,,,,,,24,29,82.8,49,,,,,,
K,15,Chase,McLaughlin, TB,17,120,,,,,,,,,,,,29,31,93.5,33,,,,,,
K,16,Greg,Zuerlein, NYJ,16,120,,,,,,,,,,,,35,38,92.1,15,,,,,,
K,17,Wil,Lutz, DEN,17,119,,,,,,,,,,,,30,34,88.2,29,,,,,,
K,18,Evan,McPherson, CIN,17,118,,,,,,,,,,,,26,31,83.9,40,,,,,,
K,19,Anders,Carlson, GB,17,115,,,,,,,,,,,,27,33,81.8,34,,,,,,
K,20,Nick,Folk, TEN,17,115,,,,,,,,,,,,29,30,96.7,28,,,,,,
K,21,Chris,Boswell, PIT,17,114,,,,,,,,,,,,29,31,93.5,27,,,,,,
K,22,Daniel,Carlson, LV,17,110,,,,,,,,,,,,26,31,83.9,32,,,,,,
K,23,Greg,Joseph, MIN,17,108,,,,,,,,,,,,24,30,80,36,,,,,,
K,24,Matt,Prater, ARI,17,106,,,,,,,,,,,,28,33,84.8,22,,,,,,
K,25,Kaimi,Fairbairn, HOU,12,102,,,,,,,,,,,,27,28,96.4,21,,,,,,
K,26,Eddy,Pineiro, CAR,16,92,,,,,,,,,,,,25,29,86.2,17,,,,,,
K,27,Riley,Patterson, DET,15,89,,,,,,,,,,,,16,18,88.9,41,,,,,,
K,28,Joey,Slye, WAS,17,89,,,,,,,,,,,,19,24,79.2,32,,,,,,
K,29,Chad,Ryland, NE,17,72,,,,,,,,,,,,16,25,64,24,,,,,,
K,30,Lucas,Havrisik, LAR,9,64,,,,,,,,,,,,15,20,75,19,,,,,,
K,31,Brett,Maher, LAR,8,64,,,,,,,,,,,,17,23,73.9,13,,,,,,
K,32,Graham,Gano, NYG,8,41,,,,,,,,,,,,11,17,64.7,8,,,,,,
K,33,Matt,Ammendola, HOU,5,28,,,,,,,,,,,,6,9,66.7,10,,,,,,
K,34,Mike,Badgley, DET,4,25,,,,,,,,,,,,4,4,100,13,,,,,,
K,35,Randy,Bullock, NYG,6,25,,,,,,,,,,,,5,6,83.3,10,,,,,,
K,36,Mason,Crosby, NYG,3,21,,,,,,,,,,,,5,7,71.4,6,,,,,,
K,37,Austin,Seibert, NYJ,1,4,,,,,,,,,,,,1,1,100,1,,,,,,
K,38,Matthew,Wright, CAR,1,0,,,,,,,,,,,,0,1,0,0,,,,,,
DEF,0,Dalls,Cowboys,DAL,,110,,,,,,,,,,,,,,,,46,17,9,1,6,315
DEF,1,Miami,Dolphins,MIA,,107,,,,,,,,,,,,,,,,56,15,12,0,4,391
DEF,2,Baltimore,Ravens,BAL,,105,,,,,,,,,,,,,,,,60,18,13,1,1,280
DEF,3,New York,Jets,NYJ,,105,,,,,,,,,,,,,,,,48,17,10,3,3,355
DEF,4,Buffalo,Bills,BUF,,102,,,,,,,,,,,,,,,,54,18,12,0,2,311
DEF,5,Indianapolis,Colts,IND,,101,,,,,,,,,,,,,,,,51,15,9,1,4,415
DEF,6,Cleveland,Browns,CLE,,95,,,,,,,,,,,,,,,,49,18,10,0,3,362
DEF,7,Las Vegas,Raiders,LVR,,94,,,,,,,,,,,,,,,,46,13,9,1,4,331
DEF,8,New York,Giants,NYG,,89,,,,,,,,,,,,,,,,34,18,13,0,3,407
DEF,9,Pitsburgh,Steelers,PIT,,88,,,,,,,,,,,,,,,,47,16,11,1,2,324
DEF,10,Houston,Texans,HOU,,87,,,,,,,,,,,,,,,,45,14,10,0,1,353
DEF,11,Kansas City,Chiefs,KC,,86,,,,,,,,,,,,,,,,57,8,9,0,2,294
DEF,12,San Francisco,49ers,SF,,84,,,,,,,,,,,,,,,,48,22,6,1,1,298
DEF,13,Seattle,Seahawks,SEA,,84,,,,,,,,,,,,,,,,47,11,8,0,3,402
DEF,14,Cincinatti,Bengals,CIN,,82,,,,,,,,,,,,,,,,44,17,9,0,1,384
DEF,15,Tampa Bay,Buccaneers,TB,,82,,,,,,,,,,,,,,,,48,13,13,1,1,325
DEF,16,Denver,Broncos,DEN,,82,,,,,,,,,,,,,,,,42,11,15,1,1,413
DEF,17,Philadelphia,Eagles,PHI,,81,,,,,,,,,,,,,,,,43,9,9,1,3,428
DEF,18,Jacksonville,Jaguars,JAC,,79,,,,,,,,,,,,,,,,40,16,11,0,2,371
DEF,19,Minnesota,Vikings,MIN,,77,,,,,,,,,,,,,,,,43,11,11,0,2,362
DEF,20,Green Bay,Packers,GB,,75,,,,,,,,,,,,,,,,45,7,11,0,2,350
DEF,21,New Orleans,Saints,NO,,75,,,,,,,,,,,,,,,,34,18,11,0,1,327
DEF,22,Los Angeles,Chargers,LAC,,75,,,,,,,,,,,,,,,,48,9,12,0,0,398
DEF,23,Detriot,Lions,DET,,72,,,,,,,,,,,,,,,,41,16,7,1,1,395
DEF,24,Chicago,Bears,CHI,,70,,,,,,,,,,,,,,,,30,22,6,0,2,379
DEF,25,New England,Patriots,NE,,68,,,,,,,,,,,,,,,,36,10,8,1,1,366
DEF,26,Atlanta,Falcons,ATL,,66,,,,,,,,,,,,,,,,42,8,8,1,1,373
DEF,27,Tennesee,Titans,TEN,,65,,,,,,,,,,,,,,,,45,6,8,0,1,367
DEF,28,Los Angeles,Rams,LAR,,60,,,,,,,,,,,,,,,,41,10,5,2,0,377
DEF,29,Washington,Commanders,WAS,,57,,,,,,,,,,,,,,,,39,8,10,0,0,518
DEF,30,Arizona,Cardinals,ARI,,56,,,,,,,,,,,,,,,,33,11,6,0,1,455
DEF,31,Carolina,Panthers,CAR,,56,,,,,,,,,,,,,,,,27,8,3,0,2,416
